INSERT INTO `new_schema_demo`.`student` (`name`, `age`, `sex`, `create_time`) VALUES 
('张三', 18, '0','2024-07-12 00:00:00'),
('李四', 19, '0','2024-07-12 00:00:00'),
('王五', 20, '0','2024-07-12 00:00:00'),
('赵六', 18, '0','2024-07-12 00:00:00'),
('钱七', 19, '0','2024-07-12 00:00:00'),
('孙八', 20, '0','2024-07-12 00:00:00'),
('周九', 18, '0','2024-07-12 00:00:00'),
('吴十', 19, '0','2024-07-12 00:00:00'),
('郑十一', 20, '1','2024-07-12 00:00:00'),
('王十二', 18, '1','2024-07-12 00:00:00'),
('赵十三', 19, '1','2024-07-12 00:00:00'),
('钱十四', 20, '1','2024-07-12 00:00:00'),
('孙十五', 18, '1','2024-07-12 00:00:00'),
('周十六', 19, '1','2024-07-12 00:00:00'),
('吴十七', 20, '1','2024-07-12 00:00:00'),
('郑十八', 18, '1','2024-07-12 00:00:00'),
('王十九', 19, '1','2024-07-12 00:00:00'),
('赵二十', 20, '1','2024-07-12 00:00:00');

INSERT INTO `user` (`name`)
	VALUES
		('张三'),
		('李四'),
		('王五'),
		('赵六'),
		('孙七'),
		('周八'),
		('吴九'),
		('郑十'),
		('钱十一'),
		('陈十二'); 

INSERT INTO id_card (card_name, user_id) 
    VALUES
        ('110101199001011234',1),
	('310101199002022345',2),
	('440101199003033456',3),
	('440301199004044567',4),
	('510101199005055678',5),
	('330101199006066789',6),
	('320101199007077890',7),
	('500101199008088901',8),
	('420101199009099012',9),
	('610101199010101023',10);

INSERT INTO `department` (`id`, `name`) 
    VALUES 
        (1, '人事部'),
        (2, '财务部'),
        (3, '市场部'),
        (4, '技术部'),
        (5, '销售部'),
        (6, '客服部'),
        (7, '采购部'),
        (8, '行政部'),
        (9, '品控部'),
        (10, '研发部');

INSERT INTO `employee` (`id`, `name`, `department_id`)
    VALUES 
        (1, '张三', 1),
        (2, '李四', 2), 
        (3, '王五', 3),
        (4, '赵六', 4),
        (5, '钱七', 5),
        (6, '孙八', 5),
        (7, '周九', 5),
        (8, '吴十', 8),
        (9, '郑十一', 9),
        (10, '王十二', 10);


INSERT INTO `article` (`title`, `content`)
    VALUES
            ('文章1', '这是文章1的内容。'),
            ('文章2', '这是文章2的内容。'),
            ('文章3', '这是文章3的内容。'),
            ('文章4', '这是文章4的内容。'),
            ('文章5', '这是文章5的内容。');

INSERT INTO `tag` (`name`)
    VALUES
            ('标签1'),
            ('标签2'),
            ('标签3'),
            ('标签4'),
            ('标签5');

INSERT INTO `article_tag` (`article_id`, `tag_id`)
    VALUES
    (1,1), (1,2), (1,3),
    (2,2), (2,3), (2,4),
    (3,3), (3,4), (3,5),
    (4,4), (4,5), (4,1),
    (5,5), (5,1), (5,2);
